row_id,congestion
848835,49.99971849924278
848836,49.99971849924278
848837,51.326381312089886
848838,49.99971849924278
848839,49.99971849924278
848840,51.326381312089886
848841,49.99971849924278
848842,49.99971849924278
848843,49.99971849924278
848844,51.326381312089886
848845,49.99971849924278
848846,31.39635068518096
848847,31.39635068518096
848848,31.39635068518096
848849,60.34625320631554
848850,31.39635068518096
848851,38.79962486533815
848852,49.99971849924278
848853,49.99971849924278
848854,49.89691742220342
848855,48.80750843276999
848856,49.99971849924278
848857,49.99971849924278
848858,49.99971849924278
848859,49.99971849924278
848860,51.326381312089886
848861,49.99971849924278
848862,66.25128184605404
848863,59.24880236360048
848864,55.96203338212081
848865,59.08275773931242
848866,59.24880236360048
848867,59.24880236360048
848868,49.99971849924278
848869,49.99971849924278
848870,49.89691742220342
848871,51.326381312089886
848872,49.99971849924278
848873,49.99971849924278
848874,63.14332888106767
848875,68.66627911241137
848876,50.11821982278565
848877,73.67684064818496
848878,49.99971849924278
848879,49.99971849924278
848880,49.89691742220342
848881,25.346835275835268
848882,48.44965531049824
848883,36.02996811949756
848884,49.99971849924278
848885,49.99971849924278
848886,49.99971849924278
848887,49.99971849924278
848888,49.89691742220342
848889,26.187808978930285
848890,51.326381312089886
848891,36.02996811949756
848892,49.99971849924278
848893,49.99971849924278
848894,49.99971849924278
848895,49.99971849924278
848896,49.89691742220342
848897,52.339506886698594
848898,49.99971849924278
848899,49.99971849924278
848900,49.99971849924278
848901,49.99971849924278
848902,51.326381312089886
848903,49.99971849924278
848904,49.99971849924278
848905,51.326381312089886
848906,49.99971849924278
848907,49.99971849924278
848908,49.99971849924278
848909,51.326381312089886
848910,49.99971849924278
848911,31.39635068518096
848912,31.39635068518096
848913,31.39635068518096
848914,60.34625320631554
848915,31.39635068518096
848916,38.79962486533815
848917,49.99971849924278
848918,49.99971849924278
848919,49.89691742220342
848920,48.80750843276999
848921,49.99971849924278
848922,49.99971849924278
848923,49.99971849924278
848924,49.99971849924278
848925,51.326381312089886
848926,49.99971849924278
848927,66.25128184605404
848928,59.24880236360048
848929,55.96203338212081
848930,59.08275773931242
848931,59.24880236360048
848932,59.24880236360048
848933,49.99971849924278
848934,49.99971849924278
848935,49.89691742220342
848936,51.326381312089886
848937,49.99971849924278
848938,49.99971849924278
848939,63.14332888106767
848940,68.66627911241137
848941,50.11821982278565
848942,73.67684064818496
848943,49.99971849924278
848944,49.99971849924278
848945,49.89691742220342
848946,25.346835275835268
848947,48.44965531049824
848948,36.02996811949756
848949,49.99971849924278
848950,49.99971849924278
848951,49.99971849924278
848952,49.99971849924278
848953,49.89691742220342
848954,26.187808978930285
848955,51.326381312089886
848956,36.02996811949756
848957,49.99971849924278
848958,49.99971849924278
848959,49.99971849924278
848960,49.99971849924278
848961,49.89691742220342
848962,52.339506886698594
848963,49.99971849924278
848964,49.99971849924278
848965,49.99971849924278
848966,49.99971849924278
848967,51.326381312089886
848968,49.99971849924278
848969,49.99971849924278
848970,51.326381312089886
848971,49.99971849924278
848972,49.99971849924278
848973,49.99971849924278
848974,51.326381312089886
848975,49.99971849924278
848976,31.39635068518096
848977,31.39635068518096
848978,31.39635068518096
848979,60.34625320631554
848980,31.39635068518096
848981,38.79962486533815
848982,49.99971849924278
848983,49.99971849924278
848984,49.89691742220342
848985,48.80750843276999
848986,49.99971849924278
848987,49.99971849924278
848988,49.99971849924278
848989,49.99971849924278
848990,51.326381312089886
848991,49.99971849924278
848992,66.25128184605404
848993,59.24880236360048
848994,55.96203338212081
848995,59.08275773931242
848996,59.24880236360048
848997,59.24880236360048
848998,49.99971849924278
848999,49.99971849924278
849000,49.89691742220342
849001,51.326381312089886
849002,49.99971849924278
849003,49.99971849924278
849004,63.14332888106767
849005,68.66627911241137
849006,50.11821982278565
849007,73.67684064818496
849008,49.99971849924278
849009,49.99971849924278
849010,49.89691742220342
849011,25.346835275835268
849012,48.44965531049824
849013,36.02996811949756
849014,49.99971849924278
849015,49.99971849924278
849016,49.99971849924278
849017,49.99971849924278
849018,49.89691742220342
849019,26.187808978930285
849020,51.326381312089886
849021,36.02996811949756
849022,49.99971849924278
849023,49.99971849924278
849024,49.99971849924278
849025,49.99971849924278
849026,49.89691742220342
849027,52.339506886698594
849028,49.99971849924278
849029,49.99971849924278
849030,49.99971849924278
849031,49.99971849924278
849032,51.326381312089886
849033,49.99971849924278
849034,49.99971849924278
849035,51.326381312089886
849036,49.99971849924278
849037,49.99971849924278
849038,49.99971849924278
849039,51.326381312089886
849040,49.99971849924278
849041,34.719621477598096
849042,34.719621477598096
849043,34.719621477598096
849044,60.34625320631554
849045,34.719621477598096
849046,38.79962486533815
849047,49.99971849924278
849048,49.99971849924278
849049,49.89691742220342
849050,48.80750843276999
849051,49.99971849924278
849052,49.99971849924278
849053,49.99971849924278
849054,49.99971849924278
849055,51.326381312089886
849056,49.99971849924278
849057,66.25128184605404
849058,59.24880236360048
849059,55.96203338212081
849060,59.08275773931242
849061,59.24880236360048
849062,59.24880236360048
849063,49.99971849924278
849064,49.99971849924278
849065,49.89691742220342
849066,51.326381312089886
849067,49.99971849924278
849068,49.99971849924278
849069,63.14332888106767
849070,68.66627911241137
849071,50.11821982278565
849072,73.67684064818496
849073,49.99971849924278
849074,49.99971849924278
849075,49.89691742220342
849076,25.346835275835268
849077,48.44965531049824
849078,36.02996811949756
849079,49.99971849924278
849080,49.99971849924278
849081,49.99971849924278
849082,49.99971849924278
849083,49.89691742220342
849084,26.187808978930285
849085,51.326381312089886
849086,36.02996811949756
849087,49.99971849924278
849088,49.99971849924278
849089,49.99971849924278
849090,49.99971849924278
849091,49.89691742220342
849092,52.339506886698594
849093,49.99971849924278
849094,49.99971849924278
849095,49.99971849924278
849096,49.99971849924278
849097,51.326381312089886
849098,49.99971849924278
849099,49.99971849924278
849100,51.326381312089886
849101,49.99971849924278
849102,49.99971849924278
849103,49.99971849924278
849104,51.326381312089886
849105,49.99971849924278
849106,34.719621477598096
849107,34.719621477598096
849108,34.719621477598096
849109,60.34625320631554
849110,34.719621477598096
849111,38.79962486533815
849112,49.99971849924278
849113,49.99971849924278
849114,49.89691742220342
849115,48.80750843276999
849116,49.99971849924278
849117,49.99971849924278
849118,49.99971849924278
849119,49.99971849924278
849120,51.326381312089886
849121,49.99971849924278
849122,66.25128184605404
849123,59.24880236360048
849124,55.96203338212081
849125,59.08275773931242
849126,59.24880236360048
849127,59.24880236360048
849128,49.99971849924278
849129,49.99971849924278
849130,49.89691742220342
849131,51.326381312089886
849132,49.99971849924278
849133,49.99971849924278
849134,63.14332888106767
849135,68.66627911241137
849136,50.11821982278565
849137,73.67684064818496
849138,49.99971849924278
849139,49.99971849924278
849140,49.89691742220342
849141,25.346835275835268
849142,48.44965531049824
849143,36.02996811949756
849144,49.99971849924278
849145,49.99971849924278
849146,49.99971849924278
849147,49.99971849924278
849148,49.89691742220342
849149,26.187808978930285
849150,51.326381312089886
849151,36.02996811949756
849152,49.99971849924278
849153,49.99971849924278
849154,49.99971849924278
849155,49.99971849924278
849156,49.89691742220342
849157,52.339506886698594
849158,49.99971849924278
849159,49.99971849924278
849160,49.99971849924278
849161,49.99971849924278
849162,51.326381312089886
849163,49.99971849924278
849164,49.99971849924278
849165,51.326381312089886
849166,49.99971849924278
849167,49.99971849924278
849168,49.99971849924278
849169,51.326381312089886
849170,49.99971849924278
849171,34.719621477598096
849172,34.719621477598096
849173,34.719621477598096
849174,60.34625320631554
849175,34.719621477598096
849176,38.79962486533815
849177,49.99971849924278
849178,49.99971849924278
849179,49.89691742220342
849180,48.80750843276999
849181,49.99971849924278
849182,49.99971849924278
849183,49.99971849924278
849184,49.99971849924278
849185,51.326381312089886
849186,49.99971849924278
849187,66.25128184605404
849188,59.24880236360048
849189,55.96203338212081
849190,59.08275773931242
849191,59.24880236360048
849192,59.24880236360048
849193,49.99971849924278
849194,49.99971849924278
849195,49.89691742220342
849196,51.326381312089886
849197,49.99971849924278
849198,49.99971849924278
849199,63.14332888106767
849200,68.66627911241137
849201,50.11821982278565
849202,73.67684064818496
849203,49.99971849924278
849204,49.99971849924278
849205,49.89691742220342
849206,25.346835275835268
849207,48.44965531049824
849208,36.02996811949756
849209,49.99971849924278
849210,49.99971849924278
849211,49.99971849924278
849212,49.99971849924278
849213,49.89691742220342
849214,26.187808978930285
849215,51.326381312089886
849216,36.02996811949756
849217,49.99971849924278
849218,49.99971849924278
849219,49.99971849924278
849220,49.99971849924278
849221,49.89691742220342
849222,52.339506886698594
849223,49.99971849924278
849224,49.99971849924278
849225,49.99971849924278
849226,49.99971849924278
849227,51.326381312089886
849228,49.99971849924278
849229,49.99971849924278
849230,51.326381312089886
849231,49.99971849924278
849232,49.99971849924278
849233,49.99971849924278
849234,51.326381312089886
849235,49.99971849924278
849236,34.719621477598096
849237,34.719621477598096
849238,34.719621477598096
849239,60.34625320631554
849240,34.719621477598096
849241,38.79962486533815
849242,49.99971849924278
849243,49.99971849924278
849244,49.89691742220342
849245,48.80750843276999
849246,49.99971849924278
849247,49.99971849924278
849248,49.99971849924278
849249,49.99971849924278
849250,51.326381312089886
849251,49.99971849924278
849252,66.25128184605404
849253,59.24880236360048
849254,55.96203338212081
849255,59.08275773931242
849256,59.24880236360048
849257,59.24880236360048
849258,49.99971849924278
849259,49.99971849924278
849260,49.89691742220342
849261,51.326381312089886
849262,49.99971849924278
849263,49.99971849924278
849264,63.14332888106767
849265,68.66627911241137
849266,50.11821982278565
849267,73.67684064818496
849268,49.99971849924278
849269,49.99971849924278
849270,49.89691742220342
849271,29.341662099761706
849272,48.44965531049824
849273,36.087502806853905
849274,49.99971849924278
849275,49.99971849924278
849276,49.99971849924278
849277,49.99971849924278
849278,49.89691742220342
849279,27.306817403316263
849280,51.326381312089886
849281,36.087502806853905
849282,49.99971849924278
849283,49.99971849924278
849284,49.99971849924278
849285,49.99971849924278
849286,49.89691742220342
849287,52.339506886698594
849288,49.99971849924278
849289,49.99971849924278
849290,49.99971849924278
849291,49.99971849924278
849292,51.326381312089886
849293,49.99971849924278
849294,49.99971849924278
849295,51.326381312089886
849296,49.99971849924278
849297,49.99971849924278
849298,49.99971849924278
849299,51.326381312089886
849300,49.99971849924278
849301,34.719621477598096
849302,34.719621477598096
849303,34.719621477598096
849304,60.34625320631554
849305,34.719621477598096
849306,38.79962486533815
849307,49.99971849924278
849308,49.99971849924278
849309,49.89691742220342
849310,48.80750843276999
849311,49.99971849924278
849312,49.99971849924278
849313,49.99971849924278
849314,49.99971849924278
849315,51.326381312089886
849316,49.99971849924278
849317,66.25128184605404
849318,59.24880236360048
849319,55.96203338212081
849320,59.08275773931242
849321,59.24880236360048
849322,59.24880236360048
849323,49.99971849924278
849324,49.99971849924278
849325,49.89691742220342
849326,51.326381312089886
849327,49.99971849924278
849328,49.99971849924278
849329,63.14332888106767
849330,68.66627911241137
849331,50.11821982278565
849332,73.67684064818496
849333,49.99971849924278
849334,49.99971849924278
849335,49.89691742220342
849336,29.341662099761706
849337,48.44965531049824
849338,36.087502806853905
849339,49.99971849924278
849340,49.99971849924278
849341,49.99971849924278
849342,49.99971849924278
849343,49.89691742220342
849344,27.306817403316263
849345,51.326381312089886
849346,36.087502806853905
849347,49.99971849924278
849348,49.99971849924278
849349,49.99971849924278
849350,49.99971849924278
849351,49.89691742220342
849352,52.339506886698594
849353,49.99971849924278
849354,49.99971849924278
849355,49.99971849924278
849356,49.99971849924278
849357,51.326381312089886
849358,49.99971849924278
849359,49.99971849924278
849360,51.326381312089886
849361,49.99971849924278
849362,49.99971849924278
849363,49.99971849924278
849364,51.326381312089886
849365,49.99971849924278
849366,34.719621477598096
849367,34.719621477598096
849368,34.719621477598096
849369,60.34625320631554
849370,34.719621477598096
849371,38.79962486533815
849372,49.99971849924278
849373,49.99971849924278
849374,49.89691742220342
849375,48.80750843276999
849376,49.99971849924278
849377,49.99971849924278
849378,49.99971849924278
849379,49.99971849924278
849380,51.326381312089886
849381,49.99971849924278
849382,66.25128184605404
849383,59.24880236360048
849384,55.96203338212081
849385,59.08275773931242
849386,59.24880236360048
849387,59.24880236360048
849388,49.99971849924278
849389,49.99971849924278
849390,49.89691742220342
849391,51.326381312089886
849392,49.99971849924278
849393,49.99971849924278
849394,63.14332888106767
849395,68.66627911241137
849396,50.11821982278565
849397,73.67684064818496
849398,49.99971849924278
849399,49.99971849924278
849400,49.89691742220342
849401,29.341662099761706
849402,48.44965531049824
849403,36.087502806853905
849404,49.99971849924278
849405,49.99971849924278
849406,49.99971849924278
849407,49.99971849924278
849408,49.89691742220342
849409,27.306817403316263
849410,51.326381312089886
849411,36.087502806853905
849412,49.99971849924278
849413,49.99971849924278
849414,49.99971849924278
849415,49.99971849924278
849416,49.89691742220342
849417,52.339506886698594
849418,49.99971849924278
849419,49.99971849924278
849420,49.99971849924278
849421,49.99971849924278
849422,51.326381312089886
849423,49.99971849924278
849424,49.99971849924278
849425,51.326381312089886
849426,49.99971849924278
849427,49.99971849924278
849428,49.99971849924278
849429,51.326381312089886
849430,49.99971849924278
849431,34.719621477598096
849432,34.719621477598096
849433,34.719621477598096
849434,60.34625320631554
849435,34.719621477598096
849436,38.79962486533815
849437,49.99971849924278
849438,49.99971849924278
849439,49.89691742220342
849440,48.80750843276999
849441,49.99971849924278
849442,49.99971849924278
849443,49.99971849924278
849444,49.99971849924278
849445,51.326381312089886
849446,49.99971849924278
849447,66.25128184605404
849448,59.24880236360048
849449,55.96203338212081
849450,59.08275773931242
849451,59.24880236360048
849452,59.24880236360048
849453,49.99971849924278
849454,49.99971849924278
849455,49.89691742220342
849456,51.326381312089886
849457,49.99971849924278
849458,49.99971849924278
849459,63.14332888106767
849460,68.66627911241137
849461,50.11821982278565
849462,73.67684064818496
849463,49.99971849924278
849464,49.99971849924278
849465,49.89691742220342
849466,31.494579354292686
849467,48.44965531049824
849468,36.087502806853905
849469,49.99971849924278
849470,49.99971849924278
849471,49.99971849924278
849472,49.99971849924278
849473,49.89691742220342
849474,29.45731571599898
849475,51.326381312089886
849476,36.087502806853905
849477,49.99971849924278
849478,49.99971849924278
849479,49.99971849924278
849480,49.99971849924278
849481,49.89691742220342
849482,52.339506886698594
849483,49.99971849924278
849484,49.99971849924278
849485,49.99971849924278
849486,49.99971849924278
849487,51.326381312089886
849488,49.99971849924278
849489,49.99971849924278
849490,51.326381312089886
849491,49.99971849924278
849492,49.99971849924278
849493,49.99971849924278
849494,51.326381312089886
849495,49.99971849924278
849496,34.719621477598096
849497,34.719621477598096
849498,34.719621477598096
849499,60.34625320631554
849500,34.719621477598096
849501,38.79962486533815
849502,49.99971849924278
849503,49.99971849924278
849504,49.89691742220342
849505,48.80750843276999
849506,49.99971849924278
849507,49.99971849924278
849508,49.99971849924278
849509,49.99971849924278
849510,51.326381312089886
849511,49.99971849924278
849512,66.25128184605404
849513,59.24880236360048
849514,55.96203338212081
849515,59.08275773931242
849516,59.24880236360048
849517,59.24880236360048
849518,49.99971849924278
849519,49.99971849924278
849520,49.89691742220342
849521,51.326381312089886
849522,49.99971849924278
849523,49.99971849924278
849524,63.14332888106767
849525,68.66627911241137
849526,50.11821982278565
849527,73.67684064818496
849528,49.99971849924278
849529,49.99971849924278
849530,49.89691742220342
849531,31.494579354292686
849532,48.44965531049824
849533,36.087502806853905
849534,49.99971849924278
849535,49.99971849924278
849536,49.99971849924278
849537,49.99971849924278
849538,49.89691742220342
849539,29.45731571599898
849540,51.326381312089886
849541,36.087502806853905
849542,49.99971849924278
849543,49.99971849924278
849544,49.99971849924278
849545,49.99971849924278
849546,49.89691742220342
849547,52.339506886698594
849548,49.99971849924278
849549,49.99971849924278
849550,49.99971849924278
849551,49.99971849924278
849552,51.326381312089886
849553,49.99971849924278
849554,49.99971849924278
849555,51.326381312089886
849556,49.99971849924278
849557,49.99971849924278
849558,49.99971849924278
849559,51.326381312089886
849560,49.99971849924278
849561,34.719621477598096
849562,34.719621477598096
849563,34.719621477598096
849564,60.34625320631554
849565,34.719621477598096
849566,38.79962486533815
849567,49.99971849924278
849568,49.99971849924278
849569,49.89691742220342
849570,48.80750843276999
849571,49.99971849924278
849572,49.99971849924278
849573,49.99971849924278
849574,49.99971849924278
849575,51.326381312089886
849576,49.99971849924278
849577,66.25128184605404
849578,59.24880236360048
849579,55.96203338212081
849580,59.08275773931242
849581,59.24880236360048
849582,59.24880236360048
849583,49.99971849924278
849584,49.99971849924278
849585,49.89691742220342
849586,51.326381312089886
849587,49.99971849924278
849588,49.99971849924278
849589,63.14332888106767
849590,68.66627911241137
849591,50.11821982278565
849592,73.67684064818496
849593,49.99971849924278
849594,49.99971849924278
849595,49.89691742220342
849596,31.494579354292686
849597,48.44965531049824
849598,36.087502806853905
849599,49.99971849924278
849600,49.99971849924278
849601,49.99971849924278
849602,49.99971849924278
849603,49.89691742220342
849604,29.45731571599898
849605,51.326381312089886
849606,36.087502806853905
849607,49.99971849924278
849608,49.99971849924278
849609,49.99971849924278
849610,49.99971849924278
849611,49.89691742220342
849612,52.339506886698594
849613,49.99971849924278
849614,49.99971849924278
849615,49.99971849924278
849616,49.99971849924278
849617,51.326381312089886
849618,49.99971849924278
849619,49.99971849924278
849620,51.326381312089886
849621,49.99971849924278
849622,49.99971849924278
849623,49.99971849924278
849624,51.326381312089886
849625,49.99971849924278
849626,34.719621477598096
849627,34.719621477598096
849628,34.719621477598096
849629,60.34625320631554
849630,34.719621477598096
849631,38.79962486533815
849632,49.99971849924278
849633,49.99971849924278
849634,49.89691742220342
849635,48.80750843276999
849636,49.99971849924278
849637,49.99971849924278
849638,49.99971849924278
849639,49.99971849924278
849640,51.326381312089886
849641,49.99971849924278
849642,66.25128184605404
849643,59.24880236360048
849644,55.96203338212081
849645,59.08275773931242
849646,59.24880236360048
849647,59.24880236360048
849648,49.99971849924278
849649,49.99971849924278
849650,49.89691742220342
849651,51.326381312089886
849652,49.99971849924278
849653,49.99971849924278
849654,63.14332888106767
849655,68.66627911241137
849656,50.11821982278565
849657,73.67684064818496
849658,49.99971849924278
849659,49.99971849924278
849660,49.89691742220342
849661,34.189708716762865
849662,48.44965531049824
849663,36.087502806853905
849664,49.99971849924278
849665,49.99971849924278
849666,49.99971849924278
849667,49.99971849924278
849668,49.89691742220342
849669,34.316318628829656
849670,51.326381312089886
849671,36.087502806853905
849672,49.99971849924278
849673,49.99971849924278
849674,49.99971849924278
849675,49.99971849924278
849676,49.89691742220342
849677,52.339506886698594
849678,49.99971849924278
849679,49.99971849924278
849680,49.99971849924278
849681,49.99971849924278
849682,51.326381312089886
849683,49.99971849924278
849684,49.99971849924278
849685,51.326381312089886
849686,49.99971849924278
849687,49.99971849924278
849688,49.99971849924278
849689,51.326381312089886
849690,49.99971849924278
849691,34.719621477598096
849692,34.719621477598096
849693,34.719621477598096
849694,60.34625320631554
849695,34.719621477598096
849696,38.79962486533815
849697,49.99971849924278
849698,49.99971849924278
849699,49.89691742220342
849700,48.80750843276999
849701,49.99971849924278
849702,49.99971849924278
849703,49.99971849924278
849704,49.99971849924278
849705,51.326381312089886
849706,49.99971849924278
849707,66.25128184605404
849708,59.24880236360048
849709,55.96203338212081
849710,59.08275773931242
849711,59.24880236360048
849712,59.24880236360048
849713,49.99971849924278
849714,49.99971849924278
849715,49.89691742220342
849716,51.326381312089886
849717,49.99971849924278
849718,49.99971849924278
849719,63.14332888106767
849720,68.66627911241137
849721,50.11821982278565
849722,73.67684064818496
849723,49.99971849924278
849724,49.99971849924278
849725,49.89691742220342
849726,34.189708716762865
849727,48.44965531049824
849728,36.087502806853905
849729,49.99971849924278
849730,49.99971849924278
849731,49.99971849924278
849732,49.99971849924278
849733,49.89691742220342
849734,34.316318628829656
849735,51.326381312089886
849736,36.087502806853905
849737,49.99971849924278
849738,49.99971849924278
849739,49.99971849924278
849740,49.99971849924278
849741,49.89691742220342
849742,52.339506886698594
849743,49.99971849924278
849744,49.99971849924278
849745,49.99971849924278
849746,49.99971849924278
849747,51.326381312089886
849748,49.99971849924278
849749,49.99971849924278
849750,51.326381312089886
849751,49.99971849924278
849752,49.99971849924278
849753,49.99971849924278
849754,51.326381312089886
849755,49.99971849924278
849756,34.719621477598096
849757,34.719621477598096
849758,34.719621477598096
849759,60.34625320631554
849760,34.719621477598096
849761,38.79962486533815
849762,49.99971849924278
849763,49.99971849924278
849764,49.89691742220342
849765,48.80750843276999
849766,49.99971849924278
849767,49.99971849924278
849768,49.99971849924278
849769,49.99971849924278
849770,51.326381312089886
849771,49.99971849924278
849772,66.25128184605404
849773,59.24880236360048
849774,55.96203338212081
849775,59.08275773931242
849776,59.24880236360048
849777,59.24880236360048
849778,49.99971849924278
849779,49.99971849924278
849780,49.89691742220342
849781,51.326381312089886
849782,49.99971849924278
849783,49.99971849924278
849784,63.14332888106767
849785,68.66627911241137
849786,50.11821982278565
849787,73.67684064818496
849788,49.99971849924278
849789,49.99971849924278
849790,49.89691742220342
849791,34.189708716762865
849792,48.44965531049824
849793,36.087502806853905
849794,49.99971849924278
849795,49.99971849924278
849796,49.99971849924278
849797,49.99971849924278
849798,49.89691742220342
849799,34.316318628829656
849800,51.326381312089886
849801,36.087502806853905
849802,49.99971849924278
849803,49.99971849924278
849804,49.99971849924278
849805,49.99971849924278
849806,49.89691742220342
849807,52.339506886698594
849808,49.99971849924278
849809,49.99971849924278
849810,49.99971849924278
849811,49.99971849924278
849812,51.326381312089886
849813,49.99971849924278
849814,49.99971849924278
849815,51.326381312089886
849816,49.99971849924278
849817,49.99971849924278
849818,49.99971849924278
849819,51.326381312089886
849820,49.99971849924278
849821,34.719621477598096
849822,34.719621477598096
849823,34.719621477598096
849824,60.34625320631554
849825,34.719621477598096
849826,38.79962486533815
849827,49.99971849924278
849828,49.99971849924278
849829,49.89691742220342
849830,48.80750843276999
849831,49.99971849924278
849832,49.99971849924278
849833,49.99971849924278
849834,49.99971849924278
849835,51.326381312089886
849836,49.99971849924278
849837,66.25128184605404
849838,59.24880236360048
849839,55.96203338212081
849840,59.08275773931242
849841,59.24880236360048
849842,59.24880236360048
849843,49.99971849924278
849844,49.99971849924278
849845,49.89691742220342
849846,51.326381312089886
849847,49.99971849924278
849848,49.99971849924278
849849,63.14332888106767
849850,68.66627911241137
849851,50.11821982278565
849852,73.67684064818496
849853,49.99971849924278
849854,49.99971849924278
849855,49.89691742220342
849856,35.79720263935025
849857,48.44965531049824
849858,36.087502806853905
849859,49.99971849924278
849860,49.99971849924278
849861,49.99971849924278
849862,49.99971849924278
849863,49.89691742220342
849864,36.02838486857702
849865,51.326381312089886
849866,36.087502806853905
849867,49.99971849924278
849868,49.99971849924278
849869,49.99971849924278
849870,49.99971849924278
849871,49.89691742220342
849872,52.339506886698594
849873,49.99971849924278
849874,49.99971849924278
849875,49.99971849924278
849876,49.99971849924278
849877,51.326381312089886
849878,49.99971849924278
849879,49.99971849924278
849880,51.326381312089886
849881,49.99971849924278
849882,49.99971849924278
849883,49.99971849924278
849884,51.326381312089886
849885,49.99971849924278
849886,34.719621477598096
849887,34.719621477598096
849888,34.719621477598096
849889,60.34625320631554
849890,34.719621477598096
849891,38.79962486533815
849892,49.99971849924278
849893,49.99971849924278
849894,49.89691742220342
849895,48.80750843276999
849896,49.99971849924278
849897,49.99971849924278
849898,49.99971849924278
849899,49.99971849924278
849900,51.326381312089886
849901,49.99971849924278
849902,66.25128184605404
849903,59.24880236360048
849904,55.96203338212081
849905,59.08275773931242
849906,59.24880236360048
849907,59.24880236360048
849908,49.99971849924278
849909,49.99971849924278
849910,49.89691742220342
849911,51.326381312089886
849912,49.99971849924278
849913,49.99971849924278
849914,63.14332888106767
849915,68.66627911241137
849916,50.11821982278565
849917,73.67684064818496
849918,49.99971849924278
849919,49.99971849924278
849920,49.89691742220342
849921,35.79720263935025
849922,48.44965531049824
849923,36.087502806853905
849924,49.99971849924278
849925,49.99971849924278
849926,49.99971849924278
849927,49.99971849924278
849928,49.89691742220342
849929,36.02838486857702
849930,51.326381312089886
849931,36.087502806853905
849932,49.99971849924278
849933,49.99971849924278
849934,49.99971849924278
849935,49.99971849924278
849936,49.89691742220342
849937,52.339506886698594
849938,49.99971849924278
849939,49.99971849924278
849940,49.99971849924278
849941,49.99971849924278
849942,51.326381312089886
849943,49.99971849924278
849944,49.99971849924278
849945,51.326381312089886
849946,49.99971849924278
849947,49.99971849924278
849948,49.99971849924278
849949,51.326381312089886
849950,49.99971849924278
849951,34.719621477598096
849952,34.719621477598096
849953,34.719621477598096
849954,60.34625320631554
849955,34.719621477598096
849956,38.79962486533815
849957,49.99971849924278
849958,49.99971849924278
849959,49.89691742220342
849960,48.80750843276999
849961,49.99971849924278
849962,49.99971849924278
849963,49.99971849924278
849964,49.99971849924278
849965,51.326381312089886
849966,49.99971849924278
849967,66.25128184605404
849968,59.24880236360048
849969,55.96203338212081
849970,59.08275773931242
849971,59.24880236360048
849972,59.24880236360048
849973,49.99971849924278
849974,49.99971849924278
849975,49.89691742220342
849976,51.326381312089886
849977,49.99971849924278
849978,49.99971849924278
849979,63.14332888106767
849980,68.66627911241137
849981,50.11821982278565
849982,73.67684064818496
849983,49.99971849924278
849984,49.99971849924278
849985,49.89691742220342
849986,35.79720263935025
849987,48.44965531049824
849988,36.087502806853905
849989,49.99971849924278
849990,49.99971849924278
849991,49.99971849924278
849992,49.99971849924278
849993,49.89691742220342
849994,36.02838486857702
849995,51.326381312089886
849996,36.087502806853905
849997,49.99971849924278
849998,49.99971849924278
849999,49.99971849924278
850000,49.99971849924278
850001,49.89691742220342
850002,52.339506886698594
850003,49.99971849924278
850004,49.99971849924278
850005,49.99971849924278
850006,49.99971849924278
850007,51.326381312089886
850008,49.99971849924278
850009,49.99971849924278
850010,51.326381312089886
850011,49.99971849924278
850012,49.99971849924278
850013,49.99971849924278
850014,51.326381312089886
850015,49.99971849924278
850016,34.719621477598096
850017,34.719621477598096
850018,34.719621477598096
850019,60.34625320631554
850020,34.719621477598096
850021,38.79962486533815
850022,49.99971849924278
850023,49.99971849924278
850024,49.89691742220342
850025,48.80750843276999
850026,49.99971849924278
850027,49.99971849924278
850028,49.99971849924278
850029,49.99971849924278
850030,51.326381312089886
850031,49.99971849924278
850032,66.25128184605404
850033,59.24880236360048
850034,55.96203338212081
850035,59.08275773931242
850036,59.24880236360048
850037,59.24880236360048
850038,49.99971849924278
850039,49.99971849924278
850040,49.89691742220342
850041,51.326381312089886
850042,49.99971849924278
850043,49.99971849924278
850044,63.14332888106767
850045,68.66627911241137
850046,50.11821982278565
850047,73.67684064818496
850048,49.99971849924278
850049,49.99971849924278
850050,49.89691742220342
850051,28.80422857011552
850052,48.44965531049824
850053,36.087502806853905
850054,49.99971849924278
850055,49.99971849924278
850056,49.99971849924278
850057,49.99971849924278
850058,49.89691742220342
850059,29.118577322026226
850060,51.326381312089886
850061,36.087502806853905
850062,49.99971849924278
850063,49.99971849924278
850064,49.99971849924278
850065,49.99971849924278
850066,49.89691742220342
850067,52.339506886698594
850068,49.99971849924278
850069,49.99971849924278
850070,49.99971849924278
850071,49.99971849924278
850072,51.326381312089886
850073,49.99971849924278
850074,49.99971849924278
850075,51.326381312089886
850076,49.99971849924278
850077,49.99971849924278
850078,49.99971849924278
850079,51.326381312089886
850080,49.99971849924278
850081,34.719621477598096
850082,34.719621477598096
850083,34.719621477598096
850084,60.34625320631554
850085,34.719621477598096
850086,38.79962486533815
850087,49.99971849924278
850088,49.99971849924278
850089,49.89691742220342
850090,48.80750843276999
850091,49.99971849924278
850092,49.99971849924278
850093,49.99971849924278
850094,49.99971849924278
850095,51.326381312089886
850096,49.99971849924278
850097,66.25128184605404
850098,59.24880236360048
850099,55.96203338212081
850100,59.08275773931242
850101,59.24880236360048
850102,59.24880236360048
850103,49.99971849924278
850104,49.99971849924278
850105,49.89691742220342
850106,51.326381312089886
850107,49.99971849924278
850108,49.99971849924278
850109,63.14332888106767
850110,68.66627911241137
850111,50.11821982278565
850112,73.67684064818496
850113,49.99971849924278
850114,49.99971849924278
850115,49.89691742220342
850116,28.80422857011552
850117,48.44965531049824
850118,36.087502806853905
850119,49.99971849924278
850120,49.99971849924278
850121,49.99971849924278
850122,49.99971849924278
850123,49.89691742220342
850124,29.118577322026226
850125,51.326381312089886
850126,36.087502806853905
850127,49.99971849924278
850128,49.99971849924278
850129,49.99971849924278
850130,49.99971849924278
850131,49.89691742220342
850132,52.339506886698594
850133,49.99971849924278
850134,49.99971849924278
850135,49.99971849924278
850136,49.99971849924278
850137,51.326381312089886
850138,49.99971849924278
850139,49.99971849924278
850140,51.326381312089886
850141,49.99971849924278
850142,49.99971849924278
850143,49.99971849924278
850144,51.326381312089886
850145,49.99971849924278
850146,34.719621477598096
850147,34.719621477598096
850148,34.719621477598096
850149,60.34625320631554
850150,34.719621477598096
850151,38.79962486533815
850152,49.99971849924278
850153,49.99971849924278
850154,49.89691742220342
850155,48.80750843276999
850156,49.99971849924278
850157,49.99971849924278
850158,49.99971849924278
850159,49.99971849924278
850160,51.326381312089886
850161,49.99971849924278
850162,66.25128184605404
850163,59.24880236360048
850164,55.96203338212081
850165,59.08275773931242
850166,59.24880236360048
850167,59.24880236360048
850168,49.99971849924278
850169,49.99971849924278
850170,49.89691742220342
850171,51.326381312089886
850172,49.99971849924278
850173,49.99971849924278
850174,63.14332888106767
850175,68.66627911241137
850176,50.11821982278565
850177,73.67684064818496
850178,49.99971849924278
850179,49.99971849924278
850180,49.89691742220342
850181,28.80422857011552
850182,48.44965531049824
850183,36.087502806853905
850184,49.99971849924278
850185,49.99971849924278
850186,49.99971849924278
850187,49.99971849924278
850188,49.89691742220342
850189,29.118577322026226
850190,51.326381312089886
850191,36.087502806853905
850192,49.99971849924278
850193,49.99971849924278
850194,49.99971849924278
850195,49.99971849924278
850196,49.89691742220342
850197,52.339506886698594
850198,49.99971849924278
850199,49.99971849924278
850200,49.99971849924278
850201,49.99971849924278
850202,51.326381312089886
850203,49.99971849924278
850204,49.99971849924278
850205,51.326381312089886
850206,49.99971849924278
850207,49.99971849924278
850208,49.99971849924278
850209,51.326381312089886
850210,49.99971849924278
850211,34.719621477598096
850212,34.719621477598096
850213,34.719621477598096
850214,60.34625320631554
850215,34.719621477598096
850216,38.79962486533815
850217,49.99971849924278
850218,49.99971849924278
850219,49.89691742220342
850220,48.80750843276999
850221,49.99971849924278
850222,49.99971849924278
850223,49.99971849924278
850224,49.99971849924278
850225,51.326381312089886
850226,49.99971849924278
850227,66.25128184605404
850228,59.24880236360048
850229,55.96203338212081
850230,59.08275773931242
850231,59.24880236360048
850232,59.24880236360048
850233,49.99971849924278
850234,49.99971849924278
850235,49.89691742220342
850236,51.326381312089886
850237,49.99971849924278
850238,49.99971849924278
850239,63.14332888106767
850240,68.66627911241137
850241,50.11821982278565
850242,73.67684064818496
850243,49.99971849924278
850244,49.99971849924278
850245,49.89691742220342
850246,26.239256134165473
850247,48.44965531049824
850248,36.087502806853905
850249,49.99971849924278
850250,49.99971849924278
850251,49.99971849924278
850252,49.99971849924278
850253,49.89691742220342
850254,26.697286980081003
850255,51.326381312089886
850256,36.087502806853905
850257,49.99971849924278
850258,49.99971849924278
850259,49.99971849924278
850260,49.99971849924278
850261,49.89691742220342
850262,52.339506886698594
850263,49.99971849924278
850264,49.99971849924278
850265,49.99971849924278
850266,49.99971849924278
850267,51.326381312089886
850268,49.99971849924278
850269,49.99971849924278
850270,51.326381312089886
850271,49.99971849924278
850272,49.99971849924278
850273,49.99971849924278
850274,51.326381312089886
850275,49.99971849924278
850276,34.719621477598096
850277,34.719621477598096
850278,34.719621477598096
850279,60.34625320631554
850280,34.719621477598096
850281,38.79962486533815
850282,49.99971849924278
850283,49.99971849924278
850284,49.89691742220342
850285,48.80750843276999
850286,49.99971849924278
850287,49.99971849924278
850288,49.99971849924278
850289,49.99971849924278
850290,51.326381312089886
850291,49.99971849924278
850292,66.25128184605404
850293,59.24880236360048
850294,55.96203338212081
850295,59.08275773931242
850296,59.24880236360048
850297,59.24880236360048
850298,49.99971849924278
850299,49.99971849924278
850300,49.89691742220342
850301,51.326381312089886
850302,49.99971849924278
850303,49.99971849924278
850304,63.14332888106767
850305,68.66627911241137
850306,50.11821982278565
850307,73.67684064818496
850308,49.99971849924278
850309,49.99971849924278
850310,49.89691742220342
850311,26.239256134165473
850312,48.44965531049824
850313,36.087502806853905
850314,49.99971849924278
850315,49.99971849924278
850316,49.99971849924278
850317,49.99971849924278
850318,49.89691742220342
850319,26.697286980081003
850320,51.326381312089886
850321,36.087502806853905
850322,49.99971849924278
850323,49.99971849924278
850324,49.99971849924278
850325,49.99971849924278
850326,49.89691742220342
850327,52.339506886698594
850328,49.99971849924278
850329,49.99971849924278
850330,49.99971849924278
850331,49.99971849924278
850332,51.326381312089886
850333,49.99971849924278
850334,49.99971849924278
850335,51.326381312089886
850336,49.99971849924278
850337,49.99971849924278
850338,49.99971849924278
850339,51.326381312089886
850340,49.99971849924278
850341,34.719621477598096
850342,34.719621477598096
850343,34.719621477598096
850344,60.34625320631554
850345,34.719621477598096
850346,38.79962486533815
850347,49.99971849924278
850348,49.99971849924278
850349,49.89691742220342
850350,48.80750843276999
850351,49.99971849924278
850352,49.99971849924278
850353,49.99971849924278
850354,49.99971849924278
850355,51.326381312089886
850356,49.99971849924278
850357,66.25128184605404
850358,59.24880236360048
850359,55.96203338212081
850360,59.08275773931242
850361,59.24880236360048
850362,59.24880236360048
850363,49.99971849924278
850364,49.99971849924278
850365,49.89691742220342
850366,51.326381312089886
850367,49.99971849924278
850368,49.99971849924278
850369,63.14332888106767
850370,68.66627911241137
850371,50.11821982278565
850372,73.67684064818496
850373,49.99971849924278
850374,49.99971849924278
850375,49.89691742220342
850376,26.239256134165473
850377,48.44965531049824
850378,36.087502806853905
850379,49.99971849924278
850380,49.99971849924278
850381,49.99971849924278
850382,49.99971849924278
850383,49.89691742220342
850384,26.697286980081003
850385,51.326381312089886
850386,36.087502806853905
850387,49.99971849924278
850388,49.99971849924278
850389,49.99971849924278
850390,49.99971849924278
850391,49.89691742220342
850392,52.339506886698594
850393,49.99971849924278
850394,49.99971849924278
850395,49.99971849924278
850396,49.99971849924278
850397,51.326381312089886
850398,49.99971849924278
850399,49.99971849924278
850400,51.326381312089886
850401,49.99971849924278
850402,49.99971849924278
850403,49.99971849924278
850404,51.326381312089886
850405,49.99971849924278
850406,34.719621477598096
850407,34.719621477598096
850408,34.719621477598096
850409,60.34625320631554
850410,34.719621477598096
850411,38.79962486533815
850412,49.99971849924278
850413,49.99971849924278
850414,49.89691742220342
850415,48.80750843276999
850416,49.99971849924278
850417,49.99971849924278
850418,49.99971849924278
850419,49.99971849924278
850420,51.326381312089886
850421,49.99971849924278
850422,66.25128184605404
850423,59.24880236360048
850424,55.96203338212081
850425,59.08275773931242
850426,59.24880236360048
850427,59.24880236360048
850428,49.99971849924278
850429,49.99971849924278
850430,49.89691742220342
850431,51.326381312089886
850432,49.99971849924278
850433,49.99971849924278
850434,63.14332888106767
850435,68.66627911241137
850436,50.11821982278565
850437,73.67684064818496
850438,49.99971849924278
850439,49.99971849924278
850440,49.89691742220342
850441,25.892879527340078
850442,48.44965531049824
850443,36.087502806853905
850444,49.99971849924278
850445,49.99971849924278
850446,49.99971849924278
850447,49.99971849924278
850448,49.89691742220342
850449,26.421101605667808
850450,51.326381312089886
850451,36.087502806853905
850452,49.99971849924278
850453,49.99971849924278
850454,49.99971849924278
850455,49.99971849924278
850456,49.89691742220342
850457,52.339506886698594
850458,49.99971849924278
850459,49.99971849924278
850460,49.99971849924278
850461,49.99971849924278
850462,51.326381312089886
850463,49.99971849924278
850464,49.99971849924278
850465,51.326381312089886
850466,49.99971849924278
850467,49.99971849924278
850468,49.99971849924278
850469,51.326381312089886
850470,49.99971849924278
850471,34.719621477598096
850472,34.719621477598096
850473,34.719621477598096
850474,60.34625320631554
850475,34.719621477598096
850476,38.79962486533815
850477,49.99971849924278
850478,49.99971849924278
850479,49.89691742220342
850480,48.80750843276999
850481,49.99971849924278
850482,49.99971849924278
850483,49.99971849924278
850484,49.99971849924278
850485,51.326381312089886
850486,49.99971849924278
850487,66.25128184605404
850488,59.24880236360048
850489,55.96203338212081
850490,59.08275773931242
850491,59.24880236360048
850492,59.24880236360048
850493,49.99971849924278
850494,49.99971849924278
850495,49.89691742220342
850496,51.326381312089886
850497,49.99971849924278
850498,49.99971849924278
850499,63.14332888106767
850500,68.66627911241137
850501,50.11821982278565
850502,73.67684064818496
850503,49.99971849924278
850504,49.99971849924278
850505,49.89691742220342
850506,25.892879527340078
850507,48.44965531049824
850508,36.087502806853905
850509,49.99971849924278
850510,49.99971849924278
850511,49.99971849924278
850512,49.99971849924278
850513,49.89691742220342
850514,26.421101605667808
850515,51.326381312089886
850516,36.087502806853905
850517,49.99971849924278
850518,49.99971849924278
850519,49.99971849924278
850520,49.99971849924278
850521,49.89691742220342
850522,52.339506886698594
850523,49.99971849924278
850524,49.99971849924278
850525,49.99971849924278
850526,49.99971849924278
850527,51.326381312089886
850528,49.99971849924278
850529,49.99971849924278
850530,51.326381312089886
850531,49.99971849924278
850532,49.99971849924278
850533,49.99971849924278
850534,51.326381312089886
850535,49.99971849924278
850536,34.719621477598096
850537,34.719621477598096
850538,34.719621477598096
850539,60.34625320631554
850540,34.719621477598096
850541,38.79962486533815
850542,49.99971849924278
850543,49.99971849924278
850544,49.89691742220342
850545,48.80750843276999
850546,49.99971849924278
850547,49.99971849924278
850548,49.99971849924278
850549,49.99971849924278
850550,51.326381312089886
850551,49.99971849924278
850552,66.25128184605404
850553,59.24880236360048
850554,55.96203338212081
850555,59.08275773931242
850556,59.24880236360048
850557,59.24880236360048
850558,49.99971849924278
850559,49.99971849924278
850560,49.89691742220342
850561,51.326381312089886
850562,49.99971849924278
850563,49.99971849924278
850564,63.14332888106767
850565,68.66627911241137
850566,50.11821982278565
850567,73.67684064818496
850568,49.99971849924278
850569,49.99971849924278
850570,49.89691742220342
850571,25.892879527340078
850572,48.44965531049824
850573,36.087502806853905
850574,49.99971849924278
850575,49.99971849924278
850576,49.99971849924278
850577,49.99971849924278
850578,49.89691742220342
850579,26.421101605667808
850580,51.326381312089886
850581,36.087502806853905
850582,49.99971849924278
850583,49.99971849924278
850584,49.99971849924278
850585,49.99971849924278
850586,49.89691742220342
850587,52.339506886698594
850588,49.99971849924278
850589,49.99971849924278
850590,49.99971849924278
850591,49.99971849924278
850592,51.326381312089886
850593,49.99971849924278
850594,49.99971849924278
850595,51.326381312089886
850596,49.99971849924278
850597,49.99971849924278
850598,49.99971849924278
850599,51.326381312089886
850600,49.99971849924278
850601,34.719621477598096
850602,34.719621477598096
850603,34.719621477598096
850604,57.194396546204125
850605,34.719621477598096
850606,38.79962486533815
850607,49.99971849924278
850608,49.99971849924278
850609,49.89691742220342
850610,48.80750843276999
850611,49.99971849924278
850612,49.99971849924278
850613,49.99971849924278
850614,49.99971849924278
850615,51.326381312089886
850616,49.99971849924278
850617,66.25128184605404
850618,59.24880236360048
850619,55.96203338212081
850620,59.08275773931242
850621,59.24880236360048
850622,59.24880236360048
850623,49.99971849924278
850624,49.99971849924278
850625,49.89691742220342
850626,51.326381312089886
850627,49.99971849924278
850628,49.99971849924278
850629,63.14332888106767
850630,68.66627911241137
850631,50.11821982278565
850632,73.67684064818496
850633,49.99971849924278
850634,49.99971849924278
850635,49.89691742220342
850636,25.892019101042116
850637,48.44965531049824
850638,36.087502806853905
850639,49.99971849924278
850640,49.99971849924278
850641,49.99971849924278
850642,49.99971849924278
850643,49.89691742220342
850644,26.367446286629328
850645,51.326381312089886
850646,36.087502806853905
850647,49.99971849924278
850648,49.99971849924278
850649,49.99971849924278
850650,49.99971849924278
850651,49.89691742220342
850652,52.339506886698594
850653,49.99971849924278
850654,49.99971849924278
850655,49.99971849924278
850656,49.99971849924278
850657,51.326381312089886
850658,49.99971849924278
850659,49.99971849924278
850660,51.326381312089886
850661,49.99971849924278
850662,49.99971849924278
850663,49.99971849924278
850664,51.326381312089886
850665,49.99971849924278
850666,34.719621477598096
850667,34.719621477598096
850668,34.719621477598096
850669,57.194396546204125
850670,34.719621477598096
850671,38.79962486533815
850672,49.99971849924278
850673,49.99971849924278
850674,49.89691742220342
850675,48.80750843276999
850676,49.99971849924278
850677,49.99971849924278
850678,49.99971849924278
850679,49.99971849924278
850680,51.326381312089886
850681,49.99971849924278
850682,66.25128184605404
850683,59.24880236360048
850684,55.96203338212081
850685,59.08275773931242
850686,59.24880236360048
850687,59.24880236360048
850688,49.99971849924278
850689,49.99971849924278
850690,49.89691742220342
850691,51.326381312089886
850692,49.99971849924278
850693,49.99971849924278
850694,63.14332888106767
850695,68.66627911241137
850696,50.11821982278565
850697,73.67684064818496
850698,49.99971849924278
850699,49.99971849924278
850700,49.89691742220342
850701,25.892019101042116
850702,48.44965531049824
850703,36.087502806853905
850704,49.99971849924278
850705,49.99971849924278
850706,49.99971849924278
850707,49.99971849924278
850708,49.89691742220342
850709,26.367446286629328
850710,51.326381312089886
850711,36.087502806853905
850712,49.99971849924278
850713,49.99971849924278
850714,49.99971849924278
850715,49.99971849924278
850716,49.89691742220342
850717,52.339506886698594
850718,49.99971849924278
850719,49.99971849924278
850720,49.99971849924278
850721,49.99971849924278
850722,51.326381312089886
850723,49.99971849924278
850724,49.99971849924278
850725,51.326381312089886
850726,49.99971849924278
850727,49.99971849924278
850728,49.99971849924278
850729,51.326381312089886
850730,49.99971849924278
850731,34.719621477598096
850732,34.719621477598096
850733,34.719621477598096
850734,57.194396546204125
850735,34.719621477598096
850736,38.79962486533815
850737,49.99971849924278
850738,49.99971849924278
850739,49.89691742220342
850740,48.80750843276999
850741,49.99971849924278
850742,49.99971849924278
850743,49.99971849924278
850744,49.99971849924278
850745,51.326381312089886
850746,49.99971849924278
850747,66.25128184605404
850748,59.24880236360048
850749,55.96203338212081
850750,59.08275773931242
850751,59.24880236360048
850752,59.24880236360048
850753,49.99971849924278
850754,49.99971849924278
850755,49.89691742220342
850756,51.326381312089886
850757,49.99971849924278
850758,49.99971849924278
850759,63.14332888106767
850760,68.66627911241137
850761,50.11821982278565
850762,73.67684064818496
850763,49.99971849924278
850764,49.99971849924278
850765,49.89691742220342
850766,25.892019101042116
850767,48.44965531049824
850768,36.087502806853905
850769,49.99971849924278
850770,49.99971849924278
850771,49.99971849924278
850772,49.99971849924278
850773,49.89691742220342
850774,26.367446286629328
850775,51.326381312089886
850776,36.087502806853905
850777,49.99971849924278
850778,49.99971849924278
850779,49.99971849924278
850780,49.99971849924278
850781,49.89691742220342
850782,52.339506886698594
850783,49.99971849924278
850784,49.99971849924278
850785,49.99971849924278
850786,49.99971849924278
850787,51.326381312089886
850788,49.99971849924278
850789,49.99971849924278
850790,51.326381312089886
850791,49.99971849924278
850792,49.99971849924278
850793,49.99971849924278
850794,51.326381312089886
850795,49.99971849924278
850796,34.719621477598096
850797,34.719621477598096
850798,34.719621477598096
850799,53.894890535016984
850800,34.719621477598096
850801,38.79962486533815
850802,49.99971849924278
850803,49.99971849924278
850804,49.89691742220342
850805,48.80750843276999
850806,49.99971849924278
850807,49.99971849924278
850808,49.99971849924278
850809,49.99971849924278
850810,51.326381312089886
850811,49.99971849924278
850812,66.25128184605404
850813,59.24880236360048
850814,55.96203338212081
850815,59.08275773931242
850816,59.24880236360048
850817,59.24880236360048
850818,49.99971849924278
850819,49.99971849924278
850820,49.89691742220342
850821,51.326381312089886
850822,49.99971849924278
850823,49.99971849924278
850824,63.14332888106767
850825,68.66627911241137
850826,48.02467690500004
850827,73.67684064818496
850828,49.99971849924278
850829,49.99971849924278
850830,49.89691742220342
850831,25.92902949991532
850832,48.44965531049824
850833,36.087502806853905
850834,49.99971849924278
850835,49.99971849924278
850836,49.99971849924278
850837,49.99971849924278
850838,49.89691742220342
850839,26.367446286629328
850840,51.326381312089886
850841,36.087502806853905
850842,49.99971849924278
850843,49.99971849924278
850844,49.99971849924278
850845,49.99971849924278
850846,49.89691742220342
850847,52.339506886698594
850848,49.99971849924278
850849,49.99971849924278
850850,49.99971849924278
850851,49.99971849924278
850852,51.326381312089886
850853,49.99971849924278
850854,49.99971849924278
850855,51.326381312089886
850856,49.99971849924278
850857,49.99971849924278
850858,49.99971849924278
850859,51.326381312089886
850860,49.99971849924278
850861,34.719621477598096
850862,34.719621477598096
850863,34.719621477598096
850864,53.894890535016984
850865,34.719621477598096
850866,38.79962486533815
850867,49.99971849924278
850868,49.99971849924278
850869,49.89691742220342
850870,48.80750843276999
850871,49.99971849924278
850872,49.99971849924278
850873,49.99971849924278
850874,49.99971849924278
850875,51.326381312089886
850876,49.99971849924278
850877,66.25128184605404
850878,59.24880236360048
850879,55.96203338212081
850880,59.08275773931242
850881,59.24880236360048
850882,59.24880236360048
850883,49.99971849924278
850884,49.99971849924278
850885,49.89691742220342
850886,51.326381312089886
850887,49.99971849924278
850888,49.99971849924278
850889,63.14332888106767
850890,68.66627911241137
850891,48.02467690500004
850892,73.67684064818496
850893,49.99971849924278
850894,49.99971849924278
850895,49.89691742220342
850896,25.92902949991532
850897,48.44965531049824
850898,36.087502806853905
850899,49.99971849924278
850900,49.99971849924278
850901,49.99971849924278
850902,49.99971849924278
850903,49.89691742220342
850904,26.367446286629328
850905,51.326381312089886
850906,36.087502806853905
850907,49.99971849924278
850908,49.99971849924278
850909,49.99971849924278
850910,49.99971849924278
850911,49.89691742220342
850912,52.339506886698594
850913,49.99971849924278
850914,49.99971849924278
850915,49.99971849924278
850916,49.99971849924278
850917,51.326381312089886
850918,49.99971849924278
850919,49.99971849924278
850920,51.326381312089886
850921,49.99971849924278
850922,49.99971849924278
850923,49.99971849924278
850924,51.326381312089886
850925,49.99971849924278
850926,34.719621477598096
850927,34.719621477598096
850928,34.719621477598096
850929,53.894890535016984
850930,34.719621477598096
850931,38.79962486533815
850932,49.99971849924278
850933,49.99971849924278
850934,49.89691742220342
850935,48.80750843276999
850936,49.99971849924278
850937,49.99971849924278
850938,49.99971849924278
850939,49.99971849924278
850940,51.326381312089886
850941,49.99971849924278
850942,66.25128184605404
850943,59.24880236360048
850944,55.96203338212081
850945,59.08275773931242
850946,59.24880236360048
850947,59.24880236360048
850948,49.99971849924278
850949,49.99971849924278
850950,49.89691742220342
850951,51.326381312089886
850952,49.99971849924278
850953,49.99971849924278
850954,63.14332888106767
850955,68.66627911241137
850956,48.02467690500004
850957,73.67684064818496
850958,49.99971849924278
850959,49.99971849924278
850960,49.89691742220342
850961,25.92902949991532
850962,48.44965531049824
850963,36.087502806853905
850964,49.99971849924278
850965,49.99971849924278
850966,49.99971849924278
850967,49.99971849924278
850968,49.89691742220342
850969,26.367446286629328
850970,51.326381312089886
850971,36.087502806853905
850972,49.99971849924278
850973,49.99971849924278
850974,49.99971849924278
850975,49.99971849924278
850976,49.89691742220342
850977,52.339506886698594
850978,49.99971849924278
850979,49.99971849924278
850980,49.99971849924278
850981,49.99971849924278
850982,51.326381312089886
850983,49.99971849924278
850984,49.99971849924278
850985,51.326381312089886
850986,49.99971849924278
850987,49.99971849924278
850988,49.99971849924278
850989,51.326381312089886
850990,49.99971849924278
850991,34.719621477598096
850992,34.719621477598096
850993,34.719621477598096
850994,53.894890535016984
850995,34.719621477598096
850996,38.79962486533815
850997,49.99971849924278
850998,49.99971849924278
850999,49.89691742220342
851000,48.80750843276999
851001,49.99971849924278
851002,49.99971849924278
851003,49.99971849924278
851004,49.99971849924278
851005,51.326381312089886
851006,49.99971849924278
851007,66.25128184605404
851008,59.24880236360048
851009,55.96203338212081
851010,59.08275773931242
851011,59.24880236360048
851012,59.24880236360048
851013,49.99971849924278
851014,49.99971849924278
851015,49.89691742220342
851016,51.326381312089886
851017,49.99971849924278
851018,49.99971849924278
851019,58.943638799651104
851020,68.66627911241137
851021,43.81577516662751
851022,73.67684064818496
851023,49.99971849924278
851024,49.99971849924278
851025,49.89691742220342
851026,26.0079950171567
851027,48.44965531049824
851028,36.087502806853905
851029,49.99971849924278
851030,49.99971849924278
851031,49.99971849924278
851032,49.99971849924278
851033,49.89691742220342
851034,26.367446286629328
851035,51.326381312089886
851036,36.087502806853905
851037,49.99971849924278
851038,49.99971849924278
851039,49.99971849924278
851040,49.99971849924278
851041,49.89691742220342
851042,52.339506886698594
851043,49.99971849924278
851044,49.99971849924278
851045,49.99971849924278
851046,49.99971849924278
851047,51.326381312089886
851048,49.99971849924278
851049,49.99971849924278
851050,51.326381312089886
851051,49.99971849924278
851052,49.99971849924278
851053,49.99971849924278
851054,51.326381312089886
851055,49.99971849924278
851056,34.719621477598096
851057,34.719621477598096
851058,34.719621477598096
851059,53.894890535016984
851060,34.719621477598096
851061,38.79962486533815
851062,49.99971849924278
851063,49.99971849924278
851064,49.89691742220342
851065,48.80750843276999
851066,49.99971849924278
851067,49.99971849924278
851068,49.99971849924278
851069,49.99971849924278
851070,51.326381312089886
851071,49.99971849924278
851072,66.25128184605404
851073,59.24880236360048
851074,55.96203338212081
851075,59.08275773931242
851076,59.24880236360048
851077,59.24880236360048
851078,49.99971849924278
851079,49.99971849924278
851080,49.89691742220342
851081,51.326381312089886
851082,49.99971849924278
851083,49.99971849924278
851084,58.943638799651104
851085,68.66627911241137
851086,43.81577516662751
851087,73.67684064818496
851088,49.99971849924278
851089,49.99971849924278
851090,49.89691742220342
851091,26.0079950171567
851092,48.44965531049824
851093,36.087502806853905
851094,49.99971849924278
851095,49.99971849924278
851096,49.99971849924278
851097,49.99971849924278
851098,49.89691742220342
851099,26.367446286629328
851100,51.326381312089886
851101,36.087502806853905
851102,49.99971849924278
851103,49.99971849924278
851104,49.99971849924278
851105,49.99971849924278
851106,49.89691742220342
851107,52.339506886698594
851108,49.99971849924278
851109,49.99971849924278
851110,49.99971849924278
851111,49.99971849924278
851112,51.326381312089886
851113,49.99971849924278
851114,49.99971849924278
851115,51.326381312089886
851116,49.99971849924278
851117,49.99971849924278
851118,49.99971849924278
851119,51.326381312089886
851120,49.99971849924278
851121,34.719621477598096
851122,34.719621477598096
851123,34.719621477598096
851124,53.894890535016984
851125,34.719621477598096
851126,38.79962486533815
851127,49.99971849924278
851128,49.99971849924278
851129,49.89691742220342
851130,48.80750843276999
851131,49.99971849924278
851132,49.99971849924278
851133,49.99971849924278
851134,49.99971849924278
851135,51.326381312089886
851136,49.99971849924278
851137,66.25128184605404
851138,59.24880236360048
851139,55.96203338212081
851140,59.08275773931242
851141,59.24880236360048
851142,59.24880236360048
851143,49.99971849924278
851144,49.99971849924278
851145,49.89691742220342
851146,51.326381312089886
851147,49.99971849924278
851148,49.99971849924278
851149,58.943638799651104
851150,68.66627911241137
851151,43.81577516662751
851152,73.67684064818496
851153,49.99971849924278
851154,49.99971849924278
851155,49.89691742220342
851156,26.0079950171567
851157,48.44965531049824
851158,36.087502806853905
851159,49.99971849924278
851160,49.99971849924278
851161,49.99971849924278
851162,49.99971849924278
851163,49.89691742220342
851164,26.367446286629328
851165,51.326381312089886
851166,36.087502806853905
851167,49.99971849924278
851168,49.99971849924278
851169,49.99971849924278
851170,49.99971849924278
851171,49.89691742220342
851172,52.339506886698594
851173,49.99971849924278
851174,49.99971849924278
